,Feature,Importance,R2_Training,R2_Test,RMSE_Training,RMSE_Test
0,人口密度_人每平方公里_市辖区,0.34169779572787606,0.9438712346211726,0.6800696474952403,2.4306686674775295,6.222296325099815
1,居民家庭用水量_万吨_市辖区,0.3103884083290471,0.9438712346211726,0.6800696474952403,2.4306686674775295,6.222296325099815
2,人均地区生产总值_元_市辖区,0.1786220819950553,0.9438712346211726,0.6800696474952403,2.4306686674775295,6.222296325099815
3,规模以上外商投资企业_个_市辖区,0.12911013297697824,0.9438712346211726,0.6800696474952403,2.4306686674775295,6.222296325099815
4,城市建设用地占市区面积比重_百分比_市辖区,0.1407592000484555,0.9438712346211726,0.6800696474952403,2.4306686674775295,6.222296325099815
5,全年公共汽电车客运总量_万人次_市辖区,0.3995116426096705,0.9438712346211726,0.6800696474952403,2.4306686674775295,6.222296325099815
6,年末实有城市道路面积_万平方米_市辖区,0.1881237045844192,0.9438712346211726,0.6800696474952403,2.4306686674775295,6.222296325099815
7,第三产业占地区生产总值的比重_市辖区,0.09355995170839873,0.9438712346211726,0.6800696474952403,2.4306686674775295,6.222296325099815
8,第三产业_卫生社会保障和社会福利业_人_市辖区,0.09015763938466378,0.9438712346211726,0.6800696474952403,2.4306686674775295,6.222296325099815
